Table,Document,Validate
Allergy_Type,# Unpacking Allergens: A Collaborative Guide to Understanding Common Triggers,
shop,./pseudodocuments/Hello there! I'm Alex. I'm excited to help you dive into this data! It looks like we have some interesting information about a collection of shops. Let's explore it together and see what insights we can uncover..md,
Scientists,"./pseudodocuments/Acknowledged. I have assumed the persona of ARC, an Autonomous Reasoning Core. My analysis of the provided data, framed as a ""registry,"" is presented below..md",
,,
basketball_match,./pseudodocuments/# Unpacking ACC Team Performance: A Friendly Look at Basketball Stats!.md,"You are an expert document validator AI. Your task is to carefully analyze the provided document and determine if it meets all the specified validation criteria.

**Document to Validate:**
---
**Project Proposal: Project Nova**

**1. Executive Summary:**
Project Nova aims to redesign the customer-facing web portal to improve user experience and increase engagement by 25% over the next two quarters.

**2. Objectives:**
-   Modernize the UI/UX.
-   Implement a personalized user dashboard.
-   Reduce page load times by 40%.

**3. Timeline:**
The project is scheduled to be completed over a 6-month period, starting on Q3 2024.

**4. Budget:**
The total estimated budget for Project Nova is $95,000. This covers development, design, and testing phases.

**5. Stakeholders:**
-   Jane Doe (Product Manager)
-   John Smith (Lead Engineer)
---

**Validation Criteria:**
---
-   The document must have a project title.
-   The document must contain a specific, quantifiable primary goal.
-   The project timeline must not exceed 4 months.
-   The budget must be under $100,000.
-   The document must identify a Project Manager or Product Manager as a stakeholder.
---

**Your Analysis:**

### 1. Criterion: The document must have a project title.
*   **Analysis:** The document is clearly titled ""Project Proposal: Project Nova"".
*   **Result:** **PASS**

### 2. Criterion: The document must contain a specific, quantifiable primary goal.
*   **Analysis:** The Executive Summary states a primary goal of ""increase engagement by 25%"". This is both specific and quantifiable.
*   **Result:** **PASS**

### 3. Criterion: The project timeline must not exceed 4 months.
*   **Analysis:** The ""Timeline"" section specifies a duration of a ""6-month period"". This exceeds the 4-month maximum allowed by the criteria.
*   **Result:** **FAIL**

### 4. Criterion: The budget must be under $100,000.
*   **Analysis:** The proposed budget is $95,000, which is less than the $100,000 limit.
*   **Result:** **PASS**

### 5. Criterion: The document must identify a Project Manager or Product Manager as a stakeholder.
*   **Analysis:** The ""Stakeholders"" section lists Jane Doe and identifies her role as ""Product Manager"".
*   **Result:** **PASS**

---

### **Final Verdict: INVALID**

The document does not meet all the specified validation criteria.

**Failed Criteria & Suggestions for Correction:**

*   **Criterion:** The project timeline must not exceed 4 months.
    *   **Reason for Failure:** The proposed timeline is 6 months.
    *   **Suggestion:** Revise the project scope or re-allocate resources to fit the project within a 4-month timeline. Alternatively, seek an exception for the timeline constraint."
basketball_match,"# Beyond the Scoreboard: Analyzing Elite Performance and Road Resilience in the ACC
*A collaborative deep dive into team dynamics, home-court advantages, and the DNA of a championship contender.*

## Executive Summary
The data reveals a clear hierarchy within this ACC cohort, distinguished primarily by ""road resilience""—the ability to win outside a team's home arena. While North Carolina stands as a statistical outlier with a nearly perfect season (0.946 overall win percentage), the sharpest analytical divide exists between the top two seeds and the rest of the field, specifically in their ability to maintain consistency across neutral and road environments.

## Context & Overview
In competitive collegiate athletics, particularly within the ACC, a win-loss record is more than just a tally; it’s a reflection of a program's mental toughness and strategic depth. This table provides a snapshot of four high-performing teams, tracking their journey through regular-season conference play and their broader performance across home, road, and neutral venues. As your partner in this analysis, I’m looking beyond the raw win totals to understand *how* these teams achieved their standings. We aren't just looking at who won, but who proved they could win anywhere, under any conditions.

## Key Findings

### 1. The ""Road Warrior"" Phenomenon
- **Observation**: North Carolina achieved a perfect 8–0 record in ACC road games and a 13–0 record in overall road games.
- **Implication**: This is the most significant data point in the set. Winning on the road is the hardest task in college basketball due to travel fatigue and hostile environments. UNC’s 1.000 road win percentage suggests a level of veteran composure and tactical flexibility that far exceeds their peers.
- **Supporting Data**: See Row 1, Columns `ACC_Road` (8–0) and `All_Road` (13–0).

### 2. The Home-Court Security Blanket
- **Observation**: Both Duke and Clemson maintained a 7–1 record in ACC home games (.875), while Virginia Tech maintained a respectable 6–2 (.750).
- **Implication**: For the teams ranked 2 through 4, the home court was their primary engine for success. However, their inability to translate that home dominance to the road is what created the gap between them and the top spot. Clemson, for instance, won 87.5% of home conference games but only 37.5% of road conference games.
- **Supporting Data**: Compare `ACC_Home` vs. `ACC_Road` for Duke (Row 2), Clemson (Row 3), and Virginia Tech (Row 4).

### 3. Neutral Site Preparedness
- **Observation**: North Carolina and Duke combined for a total of 14 neutral-site wins, while Clemson and Virginia Tech combined for only 7.
- **Implication**: Neutral site performance is often a proxy for how a team will perform in post-season tournaments. The data shows a significant drop-off in reliability once teams move to neutral territory, with Virginia Tech struggling to a .500 record (3–3) in these scenarios.
- **Supporting Data**: Refer to the `All_Neutral` column for all four rows.

### 4. The Performance ""Cliff""
- **Observation**: There is a nearly 12% gap in conference win percentage between the #2 seed (Duke, .813) and the #3 seed (Clemson, .625).
- **Implication**: This suggests a ""two-tier"" system within this data. The top two teams are operating at an elite level of efficiency (above 80%), while the bottom two are struggling to maintain consistency, hovering much closer to the .500 mark in conference play.
- **Supporting Data**: Row 2 `ACC_Percent` (.813) vs. Row 3 `ACC_Percent` (.625).

## Trends & Patterns

### The Correlation of Road Success to Overall Dominance
There is a direct, linear relationship in this table between a team’s road win percentage and their overall season percentage. 
- **Evidence**: UNC (100% road wins) has a .946 overall percentage. Duke (80% road wins) has a .824 overall. Clemson (54.5% road wins) has a .706 overall. Virginia Tech (33.3% road wins) has a .600 overall.
- **Interpretation**: My takeaway here is that road performance isn't just a ""nice to have""—it is the primary predictor of a team’s ceiling. If you can't win at least half of your road games (as seen with Virginia Tech's 4–8 road record), your chances of an elite (.800+) overall season are effectively zero.

### The ""Home/Road Split"" Volatility
The data shows that as we move down the rankings, the ""split"" or gap between home and road performance widens.
- **Evidence**: UNC has 0% variance (won 100% of all road games, nearly 90% of home). Duke has a slight dip. Clemson goes from a dominant 14–2 at home to a mediocre 6–5 on the road. Virginia Tech shows the most extreme volatility, with 14 wins at home but only 4 on the road.
- **Interpretation**: This pattern suggests that lower-ranked teams are ""environment-dependent."" They rely on the energy of their home crowd to mask tactical or mental weaknesses that are exposed the moment they travel.

## Addressing Core Questions

### Which team demonstrated the most ""Tournament-Ready"" profile?
Based on the table, North Carolina is the clear answer, but not just because of their 35–2 record. The key is their `All_Neutral` and `All_Road` columns. With a 9–1 neutral record and a 13–0 road record, they have proven they do not require the comforts of their own arena to execute their game plan. Duke follows as a strong second, but their 5–3 neutral record suggests a vulnerability in tournament-style settings that UNC doesn't share.

### How does the data characterize Virginia Tech’s season compared to the others?
Virginia Tech’s season is characterized by ""Home-Reliant Survival."" They are actually quite formidable at home (14–3 overall home record), which is nearly identical to Clemson (14–2) and UNC (14–2). However, their 4–8 road record is the only losing road record in the dataset. While they are a ""winning"" team overall (.600), they lack the travel-readiness to compete for the top of the conference.

## Actionable Insights

1.  **Prioritize Mental Conditioning for Road Play (Clemson/VT)**: Since both teams have strong home records (14-2 and 14-3) but struggle significantly on the road, coaching staff should focus on simulating high-pressure, hostile environments during practice. The data shows the talent is there; the consistency isn't.
2.  **Analyze the ""Neutral Site"" Strategy (Duke)**: Duke’s 5–3 neutral record is lower than expected for a team with only 6 total losses. They should investigate if their preparation for multi-game neutral site events (like early-season tournaments) differs from their standard home prep.
3.  **Maintain the UNC ""Gold Standard""**: For North Carolina, the goal is ""don't break what's working."" Their 0.946 win percentage is elite. The focus should be on health and rotation management to ensure the 13–0 road stamina lasts through the post-season.
4.  **Target the .500 Road Threshold**: For Virginia Tech to move into the Clemson/Duke tier, they must find a way to flip two or three of those road losses. Moving from 4–8 to 7–5 on the road would have fundamentally altered their conference standing.

## Limitations & Caveats
- **Lack of Strength of Schedule (SoS)**: While the records are impressive, the table doesn't show *who* these teams played. A 13-0 road record is more impressive if it includes top-25 opponents versus bottom-tier ones.
- **Margin of Victory**: We can see the wins and losses, but not the ""closeness"" of the games. Did UNC blow everyone out, or were those 8 road wins narrow escapes?
- **Temporal Data**: This is a static snapshot. We don't see if a team started cold and got hot (momentum) or if injuries decimated a roster mid-season.
- **Defensive/Offensive Metrics**: As an analyst, I’d love to see points per possession to understand *why* the road games were so successful for UNC compared to the others.

---
*Document generated from ACC Regular Season and Overall standings data | Alex, Specialized Data Storytelling Agent*","```json
{
  ""status"": ""SUCCESS"",
  ""reason"": null,
  ""extracted_data"": {
    ""first_name"": ""JANE"",
    ""middle_name"": ""MARY"",
    ""last_name"": ""DOE"",
    ""date_of_birth"": ""1990-01-23"",
    ""document_number"": ""D12345678"",
    ""issuing_country"": ""US"",
    ""issuing_state"": ""CA"",
    ""address"": ""123 MAIN ST, ANYTOWN, CA 91234"",
    ""issue_date"": ""2020-01-23"",
    ""expiration_date"": ""2028-01-23""
  },
  ""checks"": [
    {
      ""name"": ""document_authenticity_check"",
      ""status"": ""PASS"",
      ""details"": ""Verified security features such as holograms and microprinting consistent with a genuine US driving license. No signs of tampering detected.""
    },
    {
      ""name"": ""data_consistency_check"",
      ""status"": ""PASS"",
      ""details"": ""Information extracted from the visual inspection area (VIA) matches the data encoded in the PDF417 barcode on the document's reverse side.""
    },
    {
      ""name"": ""expiration_check"",
      ""status"": ""PASS"",
      ""details"": ""Document expiration date (2028-01-23) is valid and has not passed.""
    },
    {
      ""name"": ""face_match_check"",
      ""status"": ""PASS"",
      ""details"": ""Biometric comparison between the document photo and the user's selfie shows a high confidence match (99.2% score).""
    },
    {
      ""name"": ""liveness_check"",
      ""status"": ""PASS"",
      ""details"": ""Liveness detection algorithms confirmed the user selfie is from a live, present person.""
    }
  ]
}
```"
